-- Our Big League - Seed Data
-- Run this in Supabase SQL Editor AFTER running schema.sql

-- ============================================
-- Draft Locations (13 cities)
-- ============================================
INSERT INTO draft_locations (id, city, lat, lng) VALUES
  ('b0000000-0000-0000-0000-000000000001', 'Washington, DC', 38.9072, -77.0369),
  ('b0000000-0000-0000-0000-000000000002', 'Las Vegas', 36.1699, -115.1398),
  ('b0000000-0000-0000-0000-000000000003', 'Atlanta', 33.749, -84.388),
  ('b0000000-0000-0000-0000-000000000004', 'New Orleans', 29.9511, -90.0715),
  ('b0000000-0000-0000-0000-000000000005', 'San Diego', 32.7157, -117.1611),
  ('b0000000-0000-0000-0000-000000000006', 'Miami', 25.7617, -80.1918),
  ('b0000000-0000-0000-0000-000000000007', 'Chicago', 41.8781, -87.6298),
  ('b0000000-0000-0000-0000-000000000008', 'New York', 40.7128, -74.006),
  ('b0000000-0000-0000-0000-000000000009', 'Austin', 30.2672, -97.7431),
  ('b0000000-0000-0000-0000-000000000010', 'Los Angeles', 34.0522, -118.2437),
  ('b0000000-0000-0000-0000-000000000011', 'Phoenix', 33.4484, -112.074),
  ('b0000000-0000-0000-0000-000000000012', 'Nashville', 36.1627, -86.7816),
  ('b0000000-0000-0000-0000-000000000013', 'Denver', 39.7392, -104.9903),
  ('b0000000-0000-0000-0000-000000000014', 'Virtual', NULL, NULL);

-- ============================================
-- Teams (14 active + 4 defunct = 18 total)
-- ============================================
INSERT INTO teams (id, name, location, lat, lng, logo, is_active) VALUES
  -- Active teams
  ('a0000000-0000-0000-0000-000000000001', 'AMW', 'Atlanta, GA', 33.749, -84.388, 'amw.jpg', true),
  ('a0000000-0000-0000-0000-000000000002', 'Blank', 'Bowie, MD', 38.963, -76.750, 'blank.jpg', true),
  ('a0000000-0000-0000-0000-000000000003', 'Birrrdy', 'San Diego, CA', 32.726, -117.161, 'birrrdy.jpg', true),
  ('a0000000-0000-0000-0000-000000000004', 'Burghman', 'San Diego, CA', 32.706, -117.161, 'burghman.jpg', true),
  ('a0000000-0000-0000-0000-000000000005', 'Gunslingers', 'New Orleans, LA', 29.951, -90.072, 'gunslingers.jpg', true),
  ('a0000000-0000-0000-0000-000000000006', 'Hampton Ballers', 'Killeen, TX', 31.117, -97.727, 'hb.jpg', true),
  ('a0000000-0000-0000-0000-000000000007', 'Jamaica''s Finest', 'Bowie, MD', 38.923, -76.750, 'jf.jpg', true),
  ('a0000000-0000-0000-0000-000000000008', 'Junkyard Dawgs', 'Dallas, TX', 32.777, -96.797, 'jyd.jpg', true),
  ('a0000000-0000-0000-0000-000000000009', 'Makaveli', 'Indianapolis, IN', 39.768, -86.158, 'mak.jpg', true),
  ('a0000000-0000-0000-0000-000000000010', 'Menace', 'Bowie, MD', 38.963, -76.710, 'menace.jpg', true),
  ('a0000000-0000-0000-0000-000000000011', 'Outta Control', 'Philadelphia, PA', 39.952, -75.164, 'oc.jpg', true),
  ('a0000000-0000-0000-0000-000000000012', 'Showtime', 'Springfield, VA', 38.789, -77.187, 'showtime.jpg', true),
  ('a0000000-0000-0000-0000-000000000013', 'Skindeep Ballaz', 'Lorton, VA', 38.704, -77.228, 'skindeep.png', true),
  ('a0000000-0000-0000-0000-000000000014', 'Stout', 'Bowie, MD', 38.923, -76.710, 'stout.jpg', true),
  -- Defunct teams (no longer in league)
  ('a0000000-0000-0000-0000-000000000015', 'Cornball Hustlers', NULL, NULL, NULL, NULL, false),
  ('a0000000-0000-0000-0000-000000000016', 'The Wedding Fund', NULL, NULL, NULL, NULL, false),
  ('a0000000-0000-0000-0000-000000000017', 'Stealth Bombers', NULL, NULL, NULL, NULL, false),
  ('a0000000-0000-0000-0000-000000000018', '2 Deep', NULL, NULL, NULL, NULL, false);

-- ============================================
-- Team Aliases (historical names)
-- ============================================
INSERT INTO team_aliases (team_id, alias) VALUES
  -- Stout aliases
  ('a0000000-0000-0000-0000-000000000014', 'Real Stoutboogee'),
  ('a0000000-0000-0000-0000-000000000014', 'SOULTRAIN FC'),
  ('a0000000-0000-0000-0000-000000000014', 'AQUA BOOGEE'),
  ('a0000000-0000-0000-0000-000000000014', 'PFUNK sir nose d void of funk'),
  -- Birrrdy aliases
  ('a0000000-0000-0000-0000-000000000003', 'I''m Sorry Bird!'),
  ('a0000000-0000-0000-0000-000000000003', 'Big Baad Birrrdy'),
  ('a0000000-0000-0000-0000-000000000003', 'Birrrdy''s Revenge'),
  -- Blank aliases
  ('a0000000-0000-0000-0000-000000000002', 'Blank Again'),
  ('a0000000-0000-0000-0000-000000000002', 'Blankland');

-- ============================================
-- Team Lineage (splits/mergers)
-- 2 Deep split into Jamaica's Finest and Showtime
-- ============================================
INSERT INTO team_lineage (predecessor_id, successor_id, relationship_type, year_occurred, notes) VALUES
  ('a0000000-0000-0000-0000-000000000018', 'a0000000-0000-0000-0000-000000000007', 'split_into', 2003, '2 Deep split into Jamaica''s Finest and Showtime'),
  ('a0000000-0000-0000-0000-000000000018', 'a0000000-0000-0000-0000-000000000012', 'split_into', 2003, '2 Deep split into Jamaica''s Finest and Showtime');

-- ============================================
-- Seasons (28 years: 1998-2025)
-- ============================================
INSERT INTO seasons (year, season_number, draft_location_id, champion_id, champion_display_name, runner_up_id, runner_up_display_name, is_co_championship, co_champion_id, notes) VALUES
  (1998, 1, 'b0000000-0000-0000-0000-000000000001', 'a0000000-0000-0000-0000-000000000014', 'Real Stoutboogee', 'a0000000-0000-0000-0000-000000000003', 'I''m Sorry Bird!', false, NULL, NULL),
  (1999, 2, 'b0000000-0000-0000-0000-000000000001', 'a0000000-0000-0000-0000-000000000003', 'I''m Sorry Bird!', 'a0000000-0000-0000-0000-000000000016', 'The Wedding Fund', false, NULL, NULL),
  (2000, 3, 'b0000000-0000-0000-0000-000000000001', 'a0000000-0000-0000-0000-000000000009', 'Makaveli', 'a0000000-0000-0000-0000-000000000018', '2 Deep', false, NULL, NULL),
  (2001, 4, 'b0000000-0000-0000-0000-000000000002', 'a0000000-0000-0000-0000-000000000006', 'Hampton Ballers', 'a0000000-0000-0000-0000-000000000001', 'AMW', false, NULL, NULL),
  (2002, 5, 'b0000000-0000-0000-0000-000000000003', 'a0000000-0000-0000-0000-000000000013', 'Skindeep Ballaz', 'a0000000-0000-0000-0000-000000000018', '2 Deep', false, NULL, NULL),
  (2003, 6, 'b0000000-0000-0000-0000-000000000004', 'a0000000-0000-0000-0000-000000000006', 'Hampton Ballers', 'a0000000-0000-0000-0000-000000000011', 'Outta Control', false, NULL, NULL),
  (2004, 7, 'b0000000-0000-0000-0000-000000000005', 'a0000000-0000-0000-0000-000000000013', 'Skindeep Ballaz', 'a0000000-0000-0000-0000-000000000003', 'Big Baad Birrrdy', false, NULL, NULL),
  (2005, 8, 'b0000000-0000-0000-0000-000000000001', 'a0000000-0000-0000-0000-000000000003', 'Big Baad Birrrdy', 'a0000000-0000-0000-0000-000000000010', 'MENACE', false, NULL, NULL),
  (2006, 9, 'b0000000-0000-0000-0000-000000000002', 'a0000000-0000-0000-0000-000000000003', 'Big Baad Birrrdy', 'a0000000-0000-0000-0000-000000000015', 'Cornball Hustlers', false, NULL, NULL),
  (2007, 10, 'b0000000-0000-0000-0000-000000000006', 'a0000000-0000-0000-0000-000000000002', 'Blank Again', 'a0000000-0000-0000-0000-000000000009', 'Makaveli', false, NULL, NULL),
  (2008, 11, 'b0000000-0000-0000-0000-000000000002', 'a0000000-0000-0000-0000-000000000006', 'Hampton Ballers', 'a0000000-0000-0000-0000-000000000013', 'Skindeep Ballaz', false, NULL, NULL),
  (2009, 12, 'b0000000-0000-0000-0000-000000000007', 'a0000000-0000-0000-0000-000000000013', 'Skindeep Ballaz', 'a0000000-0000-0000-0000-000000000017', 'Stealth Bombers', false, NULL, NULL),
  (2010, 13, 'b0000000-0000-0000-0000-000000000002', 'a0000000-0000-0000-0000-000000000001', 'AMW', 'a0000000-0000-0000-0000-000000000006', 'Hampton Ballers', false, NULL, NULL),
  (2011, 14, 'b0000000-0000-0000-0000-000000000006', 'a0000000-0000-0000-0000-000000000010', 'MENACE', 'a0000000-0000-0000-0000-000000000005', 'Gunslingers', false, NULL, NULL),
  (2012, 15, 'b0000000-0000-0000-0000-000000000002', 'a0000000-0000-0000-0000-000000000011', 'Outta Control', 'a0000000-0000-0000-0000-000000000015', 'Cornball Hustlers', false, NULL, NULL),
  (2013, 16, 'b0000000-0000-0000-0000-000000000001', 'a0000000-0000-0000-0000-000000000014', 'SOULTRAIN FC', 'a0000000-0000-0000-0000-000000000005', 'Gunslingers', false, NULL, NULL),
  (2014, 17, 'b0000000-0000-0000-0000-000000000003', 'a0000000-0000-0000-0000-000000000001', 'AMW', 'a0000000-0000-0000-0000-000000000004', 'Burghman', false, NULL, NULL),
  (2015, 18, 'b0000000-0000-0000-0000-000000000005', 'a0000000-0000-0000-0000-000000000010', 'MENACE', 'a0000000-0000-0000-0000-000000000003', 'Birrrdy''s Revenge', false, NULL, NULL),
  (2016, 19, 'b0000000-0000-0000-0000-000000000002', 'a0000000-0000-0000-0000-000000000003', 'Birrrdy''s Revenge', 'a0000000-0000-0000-0000-000000000013', 'Skindeep Ballaz', false, NULL, NULL),
  (2017, 20, 'b0000000-0000-0000-0000-000000000008', 'a0000000-0000-0000-0000-000000000012', 'SHOWTIME!', 'a0000000-0000-0000-0000-000000000006', 'Hampton Ballers', false, NULL, NULL),
  (2018, 21, 'b0000000-0000-0000-0000-000000000002', 'a0000000-0000-0000-0000-000000000013', 'Skindeep Ballaz', 'a0000000-0000-0000-0000-000000000014', 'PFUNK sir nose d void of funk', false, NULL, NULL),
  (2019, 22, 'b0000000-0000-0000-0000-000000000009', 'a0000000-0000-0000-0000-000000000006', 'Hampton Ballers', 'a0000000-0000-0000-0000-000000000002', 'Blankland', false, NULL, NULL),
  (2020, 23, 'b0000000-0000-0000-0000-000000000014', 'a0000000-0000-0000-0000-000000000006', 'Hampton Ballers', 'a0000000-0000-0000-0000-000000000007', 'Jamaica''s Finest', false, NULL, NULL),
  (2021, 24, 'b0000000-0000-0000-0000-000000000002', 'a0000000-0000-0000-0000-000000000002', 'Blankland', 'a0000000-0000-0000-0000-000000000010', 'MENACE', false, NULL, NULL),
  (2022, 25, 'b0000000-0000-0000-0000-000000000010', 'a0000000-0000-0000-0000-000000000010', 'MENACE & SHOWTIME!', NULL, '------', true, 'a0000000-0000-0000-0000-000000000012', 'Co-Champions'),
  (2023, 26, 'b0000000-0000-0000-0000-000000000011', 'a0000000-0000-0000-0000-000000000008', 'JunkYard Dawgs', 'a0000000-0000-0000-0000-000000000014', 'AQUA BOOGEE', false, NULL, NULL),
  (2024, 27, 'b0000000-0000-0000-0000-000000000012', 'a0000000-0000-0000-0000-000000000001', 'AMW', 'a0000000-0000-0000-0000-000000000002', 'Blankland', false, NULL, NULL),
  (2025, 28, 'b0000000-0000-0000-0000-000000000013', 'a0000000-0000-0000-0000-000000000013', 'Skindeep Ballaz', 'a0000000-0000-0000-0000-000000000010', 'MENACE', false, NULL, NULL);

-- ============================================
-- Verify data was inserted correctly
-- ============================================
SELECT 'Draft Locations:', COUNT(*) FROM draft_locations;
SELECT 'Teams:', COUNT(*) FROM teams;
SELECT 'Team Aliases:', COUNT(*) FROM team_aliases;
SELECT 'Seasons:', COUNT(*) FROM seasons;
